{"cameraMode":{"drawMode":0,"name":"Shaded","section":"Shading Mode"},"sceneLighting":true,"audioPlay":false,"sceneViewState":{"m_AlwaysRefresh":false,"showFog":true,"showSkybox":true,"showFlares":true,"showImageEffects":true,"showParticleSystems":true,"showVisualEffectGraphs":true,"m_FxEnabled":true},"in2DMode":false,"pivot":{"x":0.7338448166847229,"y":-0.1639523208141327,"z":1.3092007637023926},"rotation":{"x":-0.17230427265167237,"y":-0.3415849804878235,"z":0.06387210637331009,"w":-0.9217264652252197},"size":0.7986592650413513,"orthographic":false}