{"cameraMode":{"drawMode":0,"name":"Shaded","section":"Shading Mode"},"sceneLighting":true,"audioPlay":false,"sceneViewState":{"m_AlwaysRefresh":false,"showFog":true,"showSkybox":true,"showFlares":true,"showImageEffects":true,"showParticleSystems":true,"showVisualEffectGraphs":true,"m_FxEnabled":true},"in2DMode":false,"pivot":{"x":0.007818285375833512,"y":0.061836615204811099,"z":0.20000000298023225},"rotation":{"x":-0.18228492140769959,"y":-0.0008873174083419144,"z":0.0001645675947656855,"w":-0.9832462668418884},"size":0.045223236083984378,"orthographic":false}